prijedlog,n_pojavnica,pdf_str,tiskana_str,kontekst
od,41,189,165,"a (88). Na fiziološkoj razini blijedost se javlja zbog smanjenja perifernog krvotoka, kao pri početnim stupnjevima vazovagalne sinkope koja kod doživljavatelja straha može izazvati blijedilo kože (Brignole i Benditt 2011:333). Time nastaje posljedićni uvid strah uzrokuje bljedilo doživljavatelja. U "
,192,190,166,"N [STRAH JE OBJEKT KOJI UZROKUJE BLIJEDILO] M PU Pragmatične inferencije: MODRO (veza s domenom HLADNOĆA), ZELENO (veza s domenom SLABOST), CRVENO (veza s domenom SRAM) 4.3.1.4. Veliko Premda se veličina može odrediti iz haptičkog osjeta, dominantni osjet kojim se izvodi svojstvo veličine je vid. U "
,23,190,166,"U 192 pojavnice (n=192) strahu se pripisuje atribut velik iskazan u pozitivnim, komparativnim i superlativnim oblicima. Atribut velik (94-6) veže se uz pojmovnu metaforu STRAH JE OBJEKT S DIMENZIJAMA. Uz takvo opojmljivanje vezana je i procesna konstrukcija [ENTITET povećati strah] koja se javlja u "
,9,192,168,"Svojstvene konstrukcije: [DUBINA (SPREMNIKA) UZROKUJE STRAH] UU [DUBINA STOJI ZA STRAH] MN [STRAH JE DUBOKO USAĐENI OBJEKT]M ATR → [DUBOKI STRAH] M ATR Pragmatične inferencije: DUBOKA USAĐENOST → STRAH JE BILJKA, TIJELO JE SPREMNIK / TLO 4.3.1.7. Vidljiv strah Izraz (ne)vidljiv strah, zabilježen u 9"
,3,197,173,"173 Autonomna reakcija trnci, koja ima taktilnu i propriocepcijsku pojavnost, povezuje se posljedično sa leksemom strah u 3 pojavnice (n=3) (125), kao i reakcija ježiti (n=7), (124) Još uvijek me trnci straha nisu ni dotakli. (Krilić) (125) Al mene je strah Mijo... sve me trnci prolaze. (Livadić) Ti"
,92,199,175,"stović 2001:223). Tipična fiziološke reakcije na afektivno stanje straha povezuju se s osjetom hladnoće, premda se u jednoj pojavnici (n=1) (139) javlja atribut topli strah. (139) ...vlažan i topli životni strah se razlio po čitavom njegovom tijelu. (Šegedin) Svojstvo HLADNOĆE strahu se pripisuje u "
,114,201,177,"i bolne strahove koji su u potki obiteljskih odnosa. (Vjesnik) Iz posljedičnog uvida STRAH UZROKUJE BOL proizlazi senzorno-motorna metonimija BOL STOJI ZA STRAH, odnosno pojmovna metafora STRAH JE OBJEKT KOJI UZROKUJE BOL. Ovakvo se poimanje često profilira procesom trpiti koji je zabilježen u čak 1"
,10,202,178,"de do duboke utrobne (visceralne) boli koja obično ukazuje na poremećen rad unutarnjih organa i vitalnih funkcija. Visceroceptivne osjete teško je točno lokalizirati jer se često odražavaju na udaljeno mjesto tjelesne površine (Judaš i Kostović 2001:225). 4.3.6.1 Muka, mučiti, mučno Sa strahom se u "
od,10,206,182,"straha (n=7) (178) u kojima se strah opojmljuje kao OBJEKT U RAVNOTEŽI. (178) ...godina regulira ravnotežu straha izmeću dviju zemalja. (Vjesnik) Jedna od posljedica gubitka ravnoteže svakako je proces padati, koji se povezuje sa leksemom strah u bližoj (179) ili daljoj (180) sintaktičkoj okolini u "
,270,207,183,"183 4.3.8 Senzorno-motorne konstrukcije izvedene iz afektivnih kategorija Strah je član kategorije afektivnih stanja koja se nazivaju osjećaj. Leksički pojam osjećaj pojavljuje se kao nadrećena kategorija i odrednik profila straha u 270 pojavnica (n=270) (181), a glagol osjetiti ima za objekt leksem"
,205,207,183,"Senzorno-motorne konstrukcije izvedene iz afektivnih kategorija Strah je član kategorije afektivnih stanja koja se nazivaju osjećaj. Leksički pojam osjećaj pojavljuje se kao nadrećena kategorija i odrednik profila straha u 270 pojavnica (n=270) (181), a glagol osjetiti ima za objekt leksem strah u 2"
,266,227,203,": [STRAH UZROKUJE IZMIJENJENI GLAS] PU [IZMIJENJENI GLAS STOJI ZA STRAH] MN [STRAH JE OBJEKT KOJI UZROKUJE IZMIJENJENI GLAS]M PU Višeznačnost profilirajuće domene: [IZMIJENJENI GLAS STOJI ZA NESIGURNOST/UPOZORENJE] 4.5.1.9 Srce Meću zabilježenim tjelesnim domenama u istraživanom korpusu se srce, sa "
,13,231,207,JE ČELJUSTI] PU [NEKONTOROLIRANO KRETANJE ČELJUSTI STOJI ZA STRAH] MN [STRAH JE OBJEKT KOJI UZROKUJE NEKONTOROLIRANO KRETANJE ČELJUSTI]M PU Višeznačnost profilirajuće domene: [HLADNOĆA STOJI ZA STRAH] [HLADNOĆA UZROKUJE NEKONTOROLIRANO KRETANJE ČELJUSTI] 4.5.1.11 Jezik Strah se s jezikom povezuje u 
od,53,232,208,"ih"" (Brlić-Mažuranić) (288) Netko onijemi od straha; drugi se okuraži; strah je, vele, vrag. (Kamov) Metonimijsko profiliranje: [STRAH UZROKUJE OTEŽANO KRETANJE JEZIKA] PU [OTEŽANO KRETANJE JEZIKA STOJI ZA STRAH] MN [STRAH JE OBJEKT KOJI UZROKUJE OTEŽANO KRETANJE JEZIKA]M PU 4.5.1.12 Grlo Grlo se u "
,16,234,210,RANO KRETANJE RUKU STOJI ZA STRAH] MN [STRAH JE OBJEKT KOJI UZROKUJE OTEŽANO I NEKONTROLIRANO KRETANJE RUKU]M PU Višeznačnost profilirajuće domene: [OTEŽANO I NEKONTROLIRANO KRETANJE RUKU GLAVE STOJI ZA NEMOGUĆNOST DJELOVANJA] 4.5.1.14 Prsti Prsti se u odnosu na afektivno stanje straha pojavljuju u 
od,25,237,213,"omogućuju nadzor povećanja temperature zbog izvanjskih uvjeta ili unutrašnjih fizioloških razloga. Odrećena emocionalna stanja, meću kojima i strah, takoćer uzrokuju aktivaciju autonomnog procesa i reakcije poput ubrzanog kucanja srca i znojenja dlanova. Znojenje se ablativno povezuje sa strahom u 2"
,22,240,216,"216 4.5.1.21 Žile U odnosu na žile strah se opojmljuje krozmjesno aktivirajući pojmovnu metaforu STRAH JE TEKUĆINA (KOJA TEČE ŽILAMA). Tako se bilježe 22 pojavnice (n=22) s glagolima razliti (330), teći (331) ili ophajati (332). (330) ...se mojim žilama razlio strah pred tolikom odgovornošću. (Vjesn"
,47,247,223,"ski) Metaforičko opojmljivanje [DUŠA JE SPREMNIK] [STRAH JE OBJEKT/MEDIJ] → [STRAHTRP BITI (u DUŠI)NIŠ MODp], [ENTITETVRŠ PROCES STRAHTRP (u DUŠU)NIŠ/ISK MODp], [STRAHVRŠ PROCES DUŠATRP] [STRAH JE SPREMNIK] [DUŠA JE OBJEKT/OSOBA] 4.5.1.32 Tijelo Tijelo se kao fiziološki nositelj straha pojavljuje u "
od,825,328,304,"j ili većoj mjeri od onoga s čime se usporećuje, 7. graću, tvar od koje je što napravljeno, izraćeno, 8. uz neku mjeru, 9. poslije komparativa. Branimir Belaj (Belaj 2010) ukazuje da je shematično ablativno prostorno značenje prijedloga od temelj ostalih značenja prijedloga od. 6.1.4.1. Od straha S "
do,13,332,308,ES) do(MODp) straha(or)(gen.)] prijedložni izraz do straha izražava adlativno i vanmjesno značenje opojmljujući prototipno proces prilaženja prema nekom odredištu (586) aktivirajući često u paru s prijedlogom od predodžbenu shemu ISHODIŠTE– PUT–CILJ (587). Konstrukcija je u korpusu identificirana u 
,14,335,311,"instrumentalnosti, odnosno socijativnosti instrumentalnim oblikom strahom. Procesi koji se pojavljuju u tim konstrukcijama odražavaju reakciju ENTITETA na takav (nepoželjni) prostorni odnos: ustuknuti, uzmicati, izmicati, itd. Prijedložni izraz pred strahom, u ovim je konstrukcijama zabilježen je u "
,20,338,314,"314 6.1.10. Perlativni odnos uz Prijedlog uz ima prototipno perlativno vanmjesno značenje opojmljujući BLIZINU dvaju ENTITETA u prostornom odnosu te POVRŠINU orjentira, kao i USPINJANJE trajektora tom površinom. U konstrukcijama se pojavljuje s akuzativom. 6.1.10.1. Uz strah U 20 pojavnica (n=20) ko"
,31,348,324,"r drugoga, odnosno unutarmjesni odnos jednog ili više OBJEKTA u odnosu na SPREMNIK. U hrvatskome se prijedlog u kombinira s akuzativom i lokativom, rjeće s genitivom. 6.2.1.1. U strah(u) Adlativni akuzativni oblik (u strah) Konstrukcija [ENTITET(tr) (PROCES) u(MODp) strah(or)(ak.)] zabilježena je u "
,20,354,330,domena: odnos OBJEKT A3.L.S. (tr) do OBJEKT B3.L.S. (or) → preslikavanje odnosa 3.L.P.: IZLAŽENJE IZ UNUTARMJESNOSTI + struktura OBJEKTA B3.L.S.: SPREMNIK KAO ISHODIŠTE → AFEKTIVNO STANJE KOJE UZROKUJE PROCES 6.2.2.2. Strah iz Konstrukcija [STRAH (tr) (PROCES) iz ENTITET(or)(gen.)] zabilježena je u 
,16,354,330,e prijedlog kroz kombinira s akuzativom. 6.2.3.1. Kroz strah Prijedlog kroz u konstrukciji [ENTITET(tr) (PROCES) kroz(MODp) strah(or)(ak.)] izražava krozmjesno značenje u kojima se strah opojmljuje kao OBJEKT – orjentir kroz koji prolazi ENTITET – trajektor. Prijedložni izraz kroz strah javlja se u 
,107,363,339,339 kodirano na mjestu orjentira. ENTITET koji ima strah preuzima semantičku ulogu iskustvenika. Strah je u tematskim konstrukcijama s glagolom imati identificiran u 107 pojavnica (n=107). Shematski se tematsko opojmljivanje straha kodirano glagolom imati može prikazati: Slika 126. Shematski prikaz 
od,25,373,349,"349 Budući da je orjentir istovjetan trajektoru, ovaj uvid zahtijeva novi orijentir koji ostvaruje prijedložna dopuna od straha. 7.1.3.3. Dati strah Glagol dati, sa srodnim preoblikama zadati, zadavati identificiran je u 25 pojavnica (n=25). Dvoprijelazni glagol dati ima 3 učesnika: davatelja, objek"
,110,376,352,Trajektor: vršnik → UZROK Orjentir (bliži): trpnik → SPREMNIK → metonimijsko profiliranje: SPREMNIK STOJI ZA ISKUSTVENIKA 7.1.3.6. Širiti strah Jednoprelazni glagol širiti uvrštava se u glagole promjene oblika i stanja (najčešće primjenom SILE). Opojmljivanje straha glagolom širiti zabilježeno je u 
,24,377,353,JKA (KORIJEN)/BOLEST/BOMBA Inferencije za trajektor: ŠIRITELJVRŠ Inferencija iskustvenika: metonimijsko profiliranje MJESTO STOJI ZA ISKUSTVENIKA na tom mjestu → preoblike Povratna konstrukcija: [STRAH(tr) VRŠ/ TRP se širiti] 7.1.3.7. Odagnati strah Glagol odagnati pojavljuje se s učesnikom strah u 
,5,380,356,"trpnik, odnosno TEKUĆINA koja mijenja tekuće agregatno stanje u plinovito. Značenje te konstrukcije je da strah nestaje pod utjecajem nekog vanjskog uzroka. Taj vanjski uzrok se obično javlja u kontekstu diskurza i kodira odrećenim dopunama te se može smatrati instrumentom. U korpusu je zabilježeno "
,27,383,359,uje kao SPREMNIK. Procesi izvedeni iz statičnog lokativnog unutarmjesnog odnosa ističu statičnu ulogu učesnika u strahu. Iskustvenik se opojmljuje kao OBJEKT u SPREMNIKU. Takvi su primjerice držati (u strahu). 7.2.1.1. Držati u strahu Prijelazni glagol držati u konstrukcijama sa strahom javlja se u 
,14,383,359,su primjerice držati (u strahu). 7.2.1.1. Držati u strahu Prijelazni glagol držati u konstrukcijama sa strahom javlja se u 27 pojavnica (n=27). Od toga u tematskim procesno objektnim konstrukcijama [ENTITET 1(tr) VRŠ držati ENTITET 2(ak.)(or) TRP/ISK (u strahu)MODp] sa metaforom STRAH JE SPREMNIK u 
,5,392,368,">ISK prebroditi strahNIŠ] preslikava domenu medija putovanja, odnosno TEKUĆINE. Iskustvenik straha kodira se vršnikom procesa prebroditi putnika. Sredstvo putovanja obično nije izrečeno. Značenje konstrukcije opisuje dugotrajniji proces nestanka afektivnog stanja straha. U korpusu je identificirano "
,72,398,374,"47. Shematski prikaz agentivnih obrazaca opojmljivanja straha iz lokativnog nadmjesnog odnosa. Slijedi opis nekoliko konstrukcija s glagolima vladati (8.1.1.), robovati (8.1.2.), dizati se (8.1.3.) u kojima se očituje nadmjesno opojmljenje straha. 8.1.1. Strah vladati Glagol vladati pojavljuje se u "
,60,421,397,ost i postaje jedinim njezinim znakom. (Vjesnik) Agentivna konstrukcija [STRAHVRŠ PRODRIJETI U ENTITETNIŠ/ISK] Ciljna domena: STRAH Ishodišna domena: OBJEKT → OBJEKT koji prodire u SPREMNIK Inferencije za iskustvenika: POSTUPNOST DOŽIVLJAVANJA STRAHA 8.3.4.Strah spopasti Glagol spopasti javlja se u 
protiv,12,426,402,"vne konstrukcije: [ENTITETVRŠ{naoružati, ubosti, udariti...} STRAHOMINST] 8.3.6.4. Boriti se protiv straha/sa strahom Proces boriti ističe protivne odnose učesnika i predodženu shemu suprotstavljanja. Glagol boriti (803) i njegova imenska izvedenica borba (804) javlja se sa strahom kao argumentom u "
,2,427,403,SE BORITI protiv STRAHATRP/VRŠ] Ciljna domena: STRAH Ishodišna domena: PROTIVNIK 8.3.6.4. Strah osvojiti Proces osvojiti proizlazi iz predodžbene sheme suprotstavljanja i ratovanja ističući nadvladavanje trajektora nad orjentirom i zauzimanje njegove domene. Agonistički glagol osvojiti javlja se u 2
,19,428,404,"iti može profilirati agentivnu ulogu trajektora u adlativnom odnosu prema orjentiru, ali i agentivnu ulogu trajektora pri uzrokovanju ablativnog odnosa prema orjentiru. Isticanje jednog ili drugog odnosa ovisi o prefiksima poput pro- , raz- itd. Konstrukcije straha s procesom goniti pojavljuje se u "
,110,432,408,ost značenja glagola obuzeti. Glagol obuzeti ističe adlativnu silu okomjesnosti koja se može poistovjetiti s predodžbenom shemom UZETI OBJEKT OBUHVAĆANJEM. Vršnik procesa obuzeti opojmljuje se agentivnije od vršnika procesa prethodno navedenih glagola obaviti i sputati. Čestotnost glagola obuzeti s 
,14,433,409,"409 8.4.4. Strah držati Glagol držati ističe vršničku ulogu trajektora u okomjesnom lokativnom odnosu prema orjentiru. Prijelazni glagol držati javlja se sa strahom u 25 konstrukcija (n=25). Od toga su 14 pojavnica (n=14) tematsko obrasci opojmljivanja straha kao SPREMNIK (7.2.1.1.), jedan puta kao "
,9,433,409,"držati ističe vršničku ulogu trajektora u okomjesnom lokativnom odnosu prema orjentiru. Prijelazni glagol držati javlja se sa strahom u 25 konstrukcija (n=25). Od toga su 14 pojavnica (n=14) tematsko obrasci opojmljivanja straha kao SPREMNIK (7.2.1.1.), jedan puta kao bliži OBJEKT (n=1) trpnik, a u "
